{
  "SSE": 0.8574034690009569,
  "OS": 6.02108325157702,
  "TsTr": 72.0975,
  "RVG": 128.67563641172566,
  "ODJ": 15.745108656626428,
  "u_rms": 0.770768233525277,
  "du_rms": 0.015469016301081596,
  "sat_ratio": 0.2835583052118485
}