{
  "SSE": 0.02375977177516919,
  "OS": 5.17802182448826,
  "TsTr": 12.440000000000001,
  "RVG": 11.591965555488382,
  "ODJ": 0.3229408597584582,
  "u_rms": 0.5918236304885647,
  "du_rms": 0.23709413268409416,
  "sat_ratio": 0.0064679415073115865
}