{
  "SSE": 2.445710623908927,
  "OS": 71.69007267835084,
  "TsTr": 79.05,
  "RVG": 56.82587368343367,
  "ODJ": 3.9198399091438763,
  "u_rms": 0.7724029228503702,
  "du_rms": 1.0649125124875796,
  "sat_ratio": 0.4765029371328584
}