{
  "SSE": 6.627646329028472,
  "OS": 100.0,
  "TsTr": 0.001,
  "RVG": 0.46040081713912584,
  "ODJ": 43.252875221926764,
  "u_rms": 0.05585469428572579,
  "du_rms": 0.10219719156479881,
  "sat_ratio": 0.5084676915385576
}