{
  "SSE": 0.4414128380758964,
  "OS": 4.7688292315112415,
  "TsTr": 29.105000000000004,
  "RVG": 124.16372371069961,
  "ODJ": 417.86109608578295,
  "u_rms": 0.7657287592973373,
  "du_rms": 0.013693919792971283,
  "sat_ratio": 0.19810023747031621
}