{
  "SSE": 0.025735647557109775,
  "OS": 6.4805830895426295,
  "TsTr": 11.872500000000002,
  "RVG": 9.7865520653917,
  "ODJ": 0.32332078148452664,
  "u_rms": 0.59117024049913,
  "du_rms": 0.23247161627210639,
  "sat_ratio": 0.006249218847644044
}