{
  "SSE": 6.0344219446476774,
  "OS": 28.60540716681021,
  "TsTr": 148.5625,
  "RVG": 124.81495824286213,
  "ODJ": 21.207642953697437,
  "u_rms": 0.7137353899627693,
  "du_rms": 1.2008520814509787,
  "sat_ratio": 0.44456942882139733
}