{
  "SSE": 0.07731893998092332,
  "OS": 3.3501457836937343,
  "TsTr": 8.739999999999998,
  "RVG": 8.11879334657252,
  "ODJ": 4.591084066606901,
  "u_rms": 0.4162977164842361,
  "du_rms": 0.23554915143167468,
  "sat_ratio": 0.016904136982877137
}