{
  "SSE": 0.32921613927735116,
  "OS": 3.5637669609800837,
  "TsTr": 26.919999999999995,
  "RVG": 107.72574374823324,
  "ODJ": 409.6229404740898,
  "u_rms": 0.7675314023114013,
  "du_rms": 0.012692658023245927,
  "sat_ratio": 0.1947256592925884
}