{
  "SSE": 25.46185897932552,
  "OS": 76.8935354743681,
  "TsTr": 128.31,
  "RVG": 65.89355433153779,
  "ODJ": 10252.368975917201,
  "u_rms": 1.1653201528335408,
  "du_rms": 0.5685332218260863,
  "sat_ratio": 1.6839145106861642
}